Name,Phone,Email
Ethan Doe,+1234567890,john.doe@example.com
Jane Smith,+1234567891,jane.smith@example.com
Michael Johnson,+1234567892,michael.johnson@example.com
Emily Davis,+1234567893,emily.davis@example.com
Robert Brown,+1234567894,robert.brown@example.com
Mary Jones,+1234567895,mary.jones@example.com
William Garcia,+1234567896,william.garcia@example.com
Linda Martinez,+1234567897,linda.martinez@example.com
James Wilson,+1234567898,james.wilson@example.com
Barbara Anderson,+1234567899,barbara.anderson@example.com
David Thomas,+1234567800,david.thomas@example.com
Susan Taylor,+1234567801,susan.taylor@example.com
Richard Moore,+1234567802,richard.moore@example.com
Patricia Jackson,+1234567803,patricia.jackson@example.com
Charles White,+1234567804,charles.white@example.com
Jennifer Harris,+1234567805,jennifer.harris@example.com
